qid	position_count	rank	target	start	mismatch	annotation
uniq_17	1	1	chr3	12088	3	
uniq_184	1	1	chr1	792023	3	
uniq_211	1	1	chr3	704013	3	
uniq_212	1	1	chr3	704014	3	
uniq_492	1	1	chr1	1008897	3	
uniq_678	1	1	chr2	405015	3	
uniq_824	1	1	chr3	601757	3	
uniq_828	2	1	chr4	648420	3	
uniq_991	1	1	chr2	786043	3	
uniq_1009	2	1	chr4	388802	3	
uniq_1071	1	1	chr3	559753	3	
uniq_1332	1	1	chr4	145555	3	
uniq_1658	1	1	chr4	1107858	3	
uniq_1801	1	1	chr4	1127429	3	
uniq_2059	1	1	chr3	13116	3	
uniq_2277	1	1	chr2	295615	3	
uniq_2320	1	1	chr4	779910	3	
uniq_2321	1	1	chr4	779909	3	
uniq_2531	2	1	chr4	729186	2	
uniq_2620	1	1	chr3	544948	3	
uniq_2621	1	1	chr3	544947	3	
uniq_2624	1	1	chr3	244329	3	
uniq_2814	1	1	chr4	1045199	3	
uniq_2992	1	1	chr2	163997	3	
uniq_3246	1	1	chr4	448523	3	
uniq_3503	1	1	chr4	1024662	3	
uniq_3504	1	1	chr4	1024663	2	
uniq_3579	1	1	chr3	716761	3	
uniq_3584	1	1	chr3	1207059	3	
uniq_3589	1	1	chr1	792025	3	
uniq_3787	1	1	chr1	754441	3	
uniq_3797	1	1	chr2	914831	3	
uniq_3800	1	1	chr1	1229450	3	
uniq_3908	1	1	chr4	1001160	3	
uniq_3973	1	1	chr2	538740	3	
uniq_4029	1	1	chr1	647925	3	
uniq_4030	1	1	chr1	647926	3	
uniq_4537	1	1	chr1	1175989	3	
uniq_4739	1	1	chr2	258806	3	
uniq_4969	1	1	chr4	66583	3	
uniq_4996	1	1	chr3	348974	3	
uniq_5083	1	1	chr3	126220	3	
uniq_5569	1	1	chr1	386316	3	
uniq_5761	1	1	chr4	1065416	3	
uniq_5801	1	1	chr4	698718	3	
uniq_5957	1	1	chr3	379228	3	
uniq_5973	1	1	chr3	915141	3	
uniq_6127	1	1	chr1	498533	3	
uniq_6650	1	1	chr1	410494	3	
uniq_6801	1	1	chr1	618396	3	
uniq_6918	1	1	chr1	1004201	3	
uniq_6919	1	1	chr4	1183607	3	
uniq_7323	1	1	chr3	188243	3	
uniq_7869	1	1	chr1	237652	3	
uniq_7982	1	1	chr4	258233	3	
uniq_8052	1	1	chr3	532843	3	
uniq_8053	1	1	chr3	1243138	3	
uniq_8107	1	1	chr4	829487	3	
uniq_8590	1	1	chr2	1111161	3	
uniq_8592	1	1	chr2	805925	3	
uniq_9098	1	1	chr4	800806	3	
uniq_9107	1	1	chr3	713173	3	
uniq_9140	1	1	chr4	1172760	3	
uniq_9141	2	1	chr4	1172757	3	
uniq_9184	2	1	chr4	561698	3	
uniq_9381	1	1	chr1	929023	3	
uniq_9382	1	1	chr1	929024	3	
uniq_9929	1	1	chr3	1043919	3	
uniq_10023	1	1	chr4	134122	3	
uniq_10026	1	1	chr4	134119	3	
uniq_10277	1	1	chr1	1165139	3	
uniq_10301	1	1	chr4	445295	2	
uniq_10302	1	1	chr4	445294	3	
uniq_10458	1	1	chr4	1212332	3	
uniq_10476	1	1	chr2	907958	3	
uniq_10702	1	1	chr4	280300	3	
uniq_10926	1	1	chr4	348090	3	
uniq_10960	1	1	chr2	86080	3	
uniq_11353	1	1	chr3	942388	3	
uniq_11487	1	1	chr2	657426	3	
uniq_11800	1	1	chr2	108003	3	
uniq_11802	1	1	chr2	108005	3	
uniq_11828	1	1	chr3	476767	3	
uniq_11841	1	1	chr2	717010	3	
uniq_12134	1	1	chr4	602632	3	
uniq_12156	1	1	chr2	82027	3	
uniq_12502	1	1	chr1	648691	3	
uniq_12503	1	1	chr1	648690	3	
uniq_12583	1	1	chr1	896384	3	
uniq_12783	1	1	chr2	1234917	3	
uniq_12832	1	1	chr1	1011171	3	
uniq_12912	1	1	chr3	384072	3	
uniq_12981	1	1	chr3	1174923	3	
uniq_12982	1	1	chr3	1174922	3	
uniq_12988	1	1	chr1	1008899	2	
uniq_12993	1	1	chr1	538275	3	
uniq_13045	1	1	chr4	1245463	3	
uniq_13254	1	1	chr1	809494	3	
uniq_13306	1	1	chr4	407937	3	
uniq_13417	1	1	chr1	737551	3	
uniq_13689	1	1	chr2	500616	3	
uniq_13745	1	1	chr2	925216	3	
uniq_14006	1	1	chr4	437289	3	
uniq_14011	1	1	chr4	22666	3	
uniq_14329	1	1	chr3	481793	3	
uniq_14351	1	1	chr4	100073	3	
uniq_14747	1	1	chr3	292648	3	
uniq_14832	1	1	chr3	1240013	3	
uniq_14989	1	1	chr3	369775	3	
uniq_15412	1	1	chr1	547469	3	
uniq_15504	1	1	chr3	193115	3	
uniq_15518	1	1	chr3	1020244	3	
uniq_16523	1	1	chr2	420641	3	
uniq_16523	1	2	chr4	739731	3	
uniq_16698	1	1	chr3	238534	3	
uniq_16993	1	1	chr1	893302	3	
uniq_17170	1	1	chr1	776293	3	
uniq_17320	1	1	chr1	683854	3	
uniq_17321	1	1	chr1	683853	3	
uniq_17331	1	1	chr1	1112199	3	
uniq_17343	1	1	chr3	1172039	2	
uniq_17389	1	1	chr1	995386	3	
uniq_17390	1	1	chr4	118406	3	
uniq_17456	1	1	chr2	815786	3	
uniq_17599	1	1	chr2	390134	3	
uniq_17669	1	1	chr3	1112946	3	
uniq_17754	1	1	chr4	628760	3	
uniq_17755	1	1	chr4	628759	3	
uniq_17989	1	1	chr1	880083	3	
uniq_18056	1	1	chr3	379230	3	
uniq_18394	1	1	chr1	415961	3	
uniq_18582	1	1	chr3	541180	3	
uniq_18600	1	1	chr1	966824	3	
uniq_18890	1	1	chr2	867066	3	
uniq_18892	1	1	chr2	356485	3	
uniq_19158	1	1	chr2	765989	3	
uniq_19180	1	1	chr4	340565	3	
uniq_19192	1	1	chr4	822352	3	
uniq_19270	1	1	chr1	1134328	2	
uniq_19270	1	2	chr1	960476	3	
uniq_19510	1	1	chr1	854330	3	
uniq_19780	1	1	chr4	154421	3	
uniq_20036	1	1	chr1	301547	3	
uniq_20054	1	1	chr4	137160	3	
uniq_20501	1	1	chr3	1203418	3	
uniq_20566	1	1	chr2	23064	3	
uniq_20680	1	1	chr3	114949	3	
uniq_20808	1	1	chr1	827182	3	
uniq_20976	1	1	chr1	755878	2	
uniq_21019	1	1	chr4	1172756	3	
uniq_21286	1	1	chr2	920467	3	
uniq_21391	1	1	chr2	302837	3	
uniq_21402	1	1	chr3	869249	3	
uniq_21403	1	1	chr4	710302	2	
uniq_21404	1	1	chr4	710301	2	
uniq_21405	1	1	chr4	710300	3	
uniq_21415	1	1	chr1	709272	3	
uniq_21554	1	1	chr1	914150	3	
uniq_21559	1	1	chr1	1141703	3	
uniq_21663	1	1	chr2	899958	3	
uniq_21722	1	1	chr4	662061	3	
uniq_22120	1	1	chr4	445296	3	
uniq_22250	1	1	chr2	907957	3	
uniq_22251	1	1	chr2	907956	3	
uniq_22471	1	1	chr2	774111	3	
uniq_22510	1	1	chr4	280298	3	
uniq_22511	1	1	chr4	280299	3	
uniq_22764	1	1	chr4	114908	3	
uniq_22806	1	1	chr2	168813	3	
uniq_22807	1	1	chr2	168812	2	
uniq_23121	1	1	chr1	1106246	3	
uniq_23207	1	1	chr3	307046	3	
uniq_23245	1	1	chr3	1101657	3	
uniq_23301	1	1	chr3	621164	3	
uniq_23577	1	1	chr4	780015	3	
uniq_23749	1	1	chr4	859255	3	
uniq_23750	1	1	chr4	859254	3	
uniq_23854	1	1	chr2	1163356	3	
uniq_24175	1	1	chr3	458205	3	
uniq_24207	1	1	chr1	648694	3	
