qid	guide_seq
g01	GCCTAGTAAATAACAACACA
g02	ATACCCACGGACAATTAACG
g03	GTTTCCCGTTCTCATGTATT
g04	AGTCCTGTGCAGGAAGCTGG
g05	ATCAAAGAAGAGACACCTCA
g06	AATGCGTCTGAGATGGGTTT
g07	CAGGAAGGCTGGTTGCAACA
g08	GTCAATACTCCTGACGTCTC
g09	ATTCTGCAGATGCATGCCCC
g10	GGTTCGCAACATCCAGGCCG
g11	TGAGCCATGGGGTAAAATAA
g12	AGCGGAGCTACGGCGAGGGA
g13	TAGCAGCCAGCATACGTAAA
g14	CTGGTTCGAGAGGATTGAGA
g15	TCCTCTCATCTTGGGTCAGA
g16	TTCATTATAAATGCTAGAAG
g17	ATGCCACCACATTGCTAAGA
g18	GCTAATACCCATACTTAAAA
g19	ATCCCAGTACACCGGTTATT
g20	ACATAACGGACTACAAACTG
g21	TTCACAACTCAACTGAGGCA
g22	CGACTAGGCGTTCGTCCTGC
g23	TAGTCGGAAATTTCTAGAGT
g24	TCATCGACGTTCATGCGTGT
