tool	year	input_model	custom_pam_tam	custom_target_length	custom_orientation	middle_element_constraint	enumerates_all_occurrences	pair_side_independent	evidence
This work (CRISPR-Motif Workbench)	2026	both	yes	yes	yes	yes	yes	yes	tools/expressiveness_probe.py --json (19/19 checks); shared/design/guide_design.py:54; designer_workbench.py:705; designer_workbench.py:709; designer_workbench.py:713; designer_workbench.py:753; designer_workbench.py:769; designer_workbench.py:812; Target_xbp_Target/extract_complex_queries.py:19; Target_xbp_Target/extract_complex_queries.py:107; Target_xbp_Y_zbp_Target/extract_motifs.py:136; Target_xbp_Y_zbp_Target/extract_motifs.py:144; shared/search/iupac.py:40; unified_gui.py:603
CHOPCHOP v3	2019	both	yes	yes	partial	partial	yes	no	https://chopchop.cbu.uib.no/ (form: geneInput/fastaInput, nonstandardCas9, gLengthCas9, NICKASEdist1-2); DOI 10.1093/nar/gkz365
CRISPOR	2018	both	no	partial	partial	no	yes	no	https://crispor.gi.ucsc.edu/ (textarea name="seq"; select name="pam" 为固定选项列表); DOI 10.1093/nar/gky354
FlashFry	2018	sequence	yes	yes	yes	no	yes	no	https://github.com/mckennalab/FlashFry/blob/main/docs/nuclease-profiles.md (spacerLength/pamSide/pams); https://github.com/mckennalab/FlashFry#readme (index/discover/score/extract); DOI 10.1186/s12915-018-0545-0
CRISPRitz	2020	both	yes	yes	yes	no	yes	no	https://github.com/pinellolab/crispritz#readme (pam/pamNGG.txt = "NNNNNNNNNNNNNNNNNNNNNGG 3"; pam/pamTTTN.txt = "TTTNNNNNNNNNNNNNNNNNNNNN -4"); DOI 10.1093/bioinformatics/btz867
GuideScan2	2025	both	yes	yes	yes	no	yes	no	https://github.com/pritykinlab/guidescan-cli/blob/master/manual/manual.pdf (--pam, --kmer-length, --alt-pam, --start); DOI 10.1186/s13059-025-03488-8
CRISPETa	2017	both	no	no	no	partial	yes	no	DOI 10.1371/journal.pcbi.1005341 (Table 1: BED 输入 + du/dd/eu/ed；Methods: canonical NGG, 20mer)
pgRNAFinder	2017	both	unknown	yes	no	partial	yes	partial	DOI 10.1093/bioinformatics/btx472 (Results: gRNA 长度可选；3' PAM；paired-gRNA offset 区间；same/different/both strand)
GT-Scan	2014	coordinate	unknown	unknown	unknown	unknown	yes	unknown	DOI 10.1093/bioinformatics/btu354 (摘要；官方站点 gt-scan.braembl.org.au 已不可访问)
Cas-Designer	2015	both	no	partial	partial	unknown	yes	unknown	http://www.rgenome.net/cas-designer/ (pam_type 单选 + update_seedlen(18/20/21/22/23/24)); DOI 10.1093/bioinformatics/btv537
Breaking-Cas	2016	sequence	yes	partial	yes	no	yes	no	http://bioinfogp.cnb.csic.es/tools/breakingcas/ (input name="PAM"; pam_pos 单选 5/3; select oligosize 18-25); DOI 10.1093/nar/gkw407
EuPaGDT	2015	both	yes	yes	unknown	unknown	yes	unknown	DOI 10.1099/mgen.0.000033 (custom on-target PAM: IUPAC 3–10 bp; gRNA length 可自定义; identifies all possible gRNAs)
CaSilico	2022	both	no	no	no	no	yes	no	https://github.com/mrb20045/CaSilico#readme (CaSilico() 参数表); DOI 10.3389/fbioe.2022.957131
crisprVerse	2022	both	yes	yes	yes	partial	yes	partial	https://bioconductor.org/packages/release/bioc/manuals/crisprBase/man/crisprBase.pdf (CrisprNickase 槽：pams/pam_side/spacer_length/spacer_gap/nickingStrand); https://bioconductor.org/packages/release/bioc/manuals/crisprDesign/man/crisprDesign.pdf (findSpacerPairs: x1/x2/pamOrientation/minCutLength/maxCutLength/spacer_len); DOI 10.1038/s41467-022-34320-7
DECKO	2015	coordinate	unknown	unknown	unknown	unknown	unknown	unknown	DOI 10.1186/s12864-015-2086-z (Methods: gRNA 由 MIT CRISPR Design 工具设计，200 bp 窗口内取最高分)
CRISPR multitargeter	2015	sequence	yes	yes	yes	unknown	yes	unknown	DOI 10.1371/journal.pone.0119372 (Results: 5' 二核苷酸三选项、target 长度、PAM 所在侧、默认 NGG 或 IUPAC 自定义；regex 枚举全部位点)
